Model,Mean Rel Error (%),Std Rel Error (%),Q99 Rel Error (%),KL Divergence,Wasserstein
empirical,6.277280460827926,20.7079928351149,9.476536989000603,0.37271882250664184,222.83822581889999
hybrid_94.0,4.531543383175893,3.972250389151149,5.163986304953594,0.33884066623849074,160.8660141967126
hybrid_95.0,4.463247683128308,36.84125817720062,11.819679697321718,0.13484090572786664,158.44157375237776
hybrid_96.0,4.733553290455467,76.16999960936427,14.734222273505567,0.03785690337999123,168.03719758049326
hybrid_97.0,3.331042225574031,7.791495775624674,2.7693162283098136,0.2458758770327132,118.24922341877567
hybrid_98.0,15.563692553763664,4658.2991739407125,96.55673495638068,0.0005376222573502666,552.4981172203359
hybrid_99.0,74.4790638959998,25997.337543255515,513.5978351867462,0.000986361230659905,2643.944708668895
