Quantile,No Reinsurance,"XL (M=10, L=40)","XL (M=10, L=∞)"
50%,1877.3990118090453,1605.8948697049666,1515.5707085
90%,2168.559162441529,1827.411835221623,1624.8256982
95%,2280.3719596163573,1927.628111469396,1655.9297160499998
99%,2556.760002585223,2203.1953149931646,1716.4304719900003
99%,2708.0691254044173,2353.149635423351,1738.6081056849991
99%,3213.1314468904798,2896.3455050466787,1787.8682446649993
