Method,Mean (No Reinsurance),Std (No Reinsurance),"Mean (M=10, L=40)","Std (M=10, L=40)","Mean (M=10, L=∞)","Std (M=10, L=∞)"
Empirical,1922.0197506944,218.31327575973194,1656.6726921526,171.33830598590646,1518.5840612377,83.43575507383505
Composite (95%),1923.7520020341042,378.1044693226152,1654.2534731527162,352.34783478160847,1525.8880503481296,85.71961189133624
Composite (99%),1962.1663424359583,435.0589579566899,1702.0209399099215,410.7521343607133,1521.0397442102997,83.34313901383881
