Quantile,No Reinsurance,"XL (M=10, L=40)","XL (M=10, L=∞)"
0.01%,-2057.19840774286,-2088.349853746289,-293.93020722129984
0.1%,-1114.6014468904807,-1181.4855050466863,-238.69824466499983
1%,-458.23000258522063,-488.3353149931637,-167.26047199000004
5%,-181.84195961635714,-212.76811146939582,-106.75971604999978
10%,-70.02916244152888,-112.55183522162294,-75.6556981999998
