Metric,No Reinsurance,"XL (M=10, L=40)","XL (M=10, L=∞)"
Expected Revenue,194.03692384797282,81.53258806443358,32.06536258580019
Std Deviation,215.87189563862236,170.85703740672992,83.18989588031714
CV,1.1125299832508022,2.095567446868055,2.594385005244161
Loss Ratio (%),90.75367405526855,96.11477614976039,98.47200837796932
5% VaR (Loss),-181.84195961635714,-212.76811146939582,-106.75971604999978
5% CTE (Loss),-367.97835547947983,-396.00667652994304,-143.91965286439984
1% VaR (Loss),-458.23000258522063,-488.3353149931637,-167.26047199000004
1% CTE (Loss),-720.3916756835611,-755.0742172241999,-198.0791244939998
