Quantile,No Reinsurance,"XL (M=10, L=40)","XL (M=10, L=∞)"
50%,221.1309881909549,108.96513029503359,33.59929150000016
90%,433.19169052492737,253.3975972329797,137.3968263000001
95%,484.3630787384656,288.3595828869505,166.08218255000014
99%,577.0617359318624,353.0299193032205,220.38375657000023
99.5%,609.6493456067132,374.70687029543296,238.9487689299999
99.9%,668.6400129198199,418.45664135987255,284.88665687299977
