Metric,No Reinsurance,"XL (M=10, L=40)","XL (M=10, L=∞)"
Expected Value,1904.4930761520272,1633.3274119355667,1517.1046374142
Standard Deviation,215.87189563862236,170.85703740672992,83.18989588031714
Coefficient of Variation,0.11334874268736395,0.1046067286682323,0.05483464609409083
99% VaR,3187.878330816177,2869.1857115655125,1785.4052377159994
Interquartile Range,473.72948296438244,463.1951510322381,100.46199459874947
